Product,Price,Checkout link
100 Inspirational Quotes for Self-Improvement – Part 1,$12.00,https://whop.com/checkout/plan_8dw15g0evaQQR
Everyday Motivation,$12.00,https://whop.com/checkout/plan_tykS7fWdVe0h8
Kids Science Stories - Basic Pack,$28.00,https://whop.com/checkout/plan_6NSfI86FHMm5A
Kids Science Stories - Premium Pack,$35.00,https://whop.com/checkout/plan_0S8v0BBRy7n8a
Kids Science Stories - Pro Pack,$50.00,https://whop.com/checkout/plan_qo8g3OY2yz6i9
Let's Move,$12.00,https://whop.com/checkout/plan_1I8prTz8HSBFh
Let's Recycle,$12.00,https://whop.com/checkout/plan_U2aapjK1t5PnK
Moon Magic,$12.00,https://whop.com/checkout/plan_PoHk175eZojAT
Ocean Adventures,$12.00,https://whop.com/checkout/plan_xhazJ4EnoKScY
Renewable Energy,$12.00,https://whop.com/checkout/plan_QGKsAWEG2rYRK
Shooting Stars and Cosmic Visitors,$12.00,https://whop.com/checkout/plan_CWVS86RMyhjXB
Sink or Float,$12.00,https://whop.com/checkout/plan_TlhlvXxohbPW3
Sun Secrets,$12.00,https://whop.com/checkout/plan_T7fwVI1Sdsv9I
The Mystery of Invisible Germs,$12.00,https://whop.com/checkout/plan_iEtab6J7I3UUV
Understanding Floods,$12.00,https://whop.com/checkout/plan_Gb8zKdG7uqSZ0